/how-we-build-cms-free-websites/ /2012/how-we-build-cms-free-websites
/2012/09/reflecting-on-intermingled-extremes/ /2012/reflecting-on-intermingled-extremes
/reflecting-on-intermingled-extremes/ /2012/reflecting-on-intermingled-extremes
/im-a-papa-bear-say-hello-to-james/ /2012/im-a-papa-bear-say-hello-to-james
/2012/06/im-a-papa-bear-say-hello-to-james/ /2012/im-a-papa-bear-say-hello-to-james
/2013/01/we-need-a-better-sense-of-justice/ /2013/we-need-a-better-sense-of-justice
/we-need-a-better-sense-of-justice/ /2013/we-need-a-better-sense-of-justice
/2012/12/a-new-year-noise-purge/ /2012/a-new-year-noise-purge
/a-new-year-noise-purge/ /2012/a-new-year-noise-purge
/introducing-morningandevening-dot-me/ /2012/introducing-morningandevening-dot-me
/simple-accessibility/ /2013/simple-accessibility
/i-made-my-own-standing-desk-and-so-can-you/ /2015/i-made-my-own-standing-desk-and-so-can-you
/why-do-i-create-for-the-web/ /2012/why-do-i-create-for-the-web
/finding-equilibrium-week-by-week/ /2015/finding-equilibrium-week-by-week
/2012/10/on-discipline/ /2012/on-discipline
/on-discipline/ /2012/on-discipline
/article/print-your-own-dot-grid-paper /2010/print-your-own-dot-grid-paper
/print-your-own-dot-grid-paper /2010/print-your-own-dot-grid-paper
/2010/01/print-your-own-dot-grid-paper/ /2010/print-your-own-dot-grid-paper
/how-much-change-would-one-man-choose-if-one-man-could-choose-change/ /2012/how-much-change-would-one-man-choose-if-one-man-could-choose-change
/the-busy-trap/ /2012/the-busy-trap
/a-lenten-fast-from-media/ /2017/a-lenten-fast-from-media
/article/adventures-drupal-performance-tuning-php-caching /2010/adventures-in-drupal-performance-tuning-php-caching
/2010/02/adventures-in-drupal-performance-tuning-php-caching/ /2010/adventures-in-drupal-performance-tuning-php-caching
/adventures-in-drupal-performance-tuning-php-caching/ /2010/adventures-in-drupal-performance-tuning-php-caching
/ala-summer-reading-list/ /2012/ala-summer-reading-list
/article/adventures-drupal-performance-tuning-minimizing-bandwidth-usage /2010/adventures-in-drupal-performance-tuning-minimizing-bandwidth-usage
/2010/03/adventures-in-drupal-performance-tuning-minimizing-bandwidth-usage/ /2010/adventures-in-drupal-performance-tuning-minimizing-bandwidth-usage
/adventures-in-drupal-performance-tuning-minimizing-bandwidth-usage/ /2010/adventures-in-drupal-performance-tuning-minimizing-bandwidth-usage
/2013/06/greenville-grok-2013-its-about-the-people-dummy/ /2013/greenville-grok-2013-its-about-the-people-dummy
/2012/12/reflections-on-the-shooting-in-newtown/ /2012/reflections-on-the-shooting-in-newtown
/reflections-on-the-shooting-in-newtown/ /2012/reflections-on-the-shooting-in-newtown
/2012/11/am-i-blinding-myself-to-reality/ /2012/am-i-blinding-myself-to-reality
/am-i-blinding-myself-to-reality/ /2012/am-i-blinding-myself-to-reality
/article/bulk-node-cloning-drush-and-little-bit-elbow-grease /2010/bulk-node-cloning-with-drush-and-a-little-bit-of-elbow-grease
/2010/09/bulk-node-cloning-with-drush-and-a-little-bit-of-elbow-grease/ /2010/bulk-node-cloning-with-drush-and-a-little-bit-of-elbow-grease
/bulk-node-cloning-with-drush-and-a-little-bit-of-elbow-grease/ /2010/bulk-node-cloning-with-drush-and-a-little-bit-of-elbow-grease
/2013/06/introducing-hypergenesis-missing-first-step-to-an-automated-development-environment/ /2013/introducing-hypergenesis-missing-first-step-to-an-automated-development-environment
/new-year-noise-purge-2014/ /2015/new-year-noise-purge-2014
/finding-equilibrium-through-ritual/ /2015/finding-equilibrium-through-ritual
/unity-is-hard/ /2013/unity-is-hard
/eric-mccloy-on-atheism-and-fundementalism/ /2011/eric-mccloy-on-atheism-and-fundementalism
/2013/01/document-all-the-things-introducing-dox-foundation/ /2013/document-all-the-things-introducing-dox-foundation
/document-all-the-things-introducing-dox-foundation/ /2013/document-all-the-things-introducing-dox-foundation
/we-are-all-too-busy-and-distracted-slowtech-to-the-rescue/ /2012/we-are-all-too-busy-and-distracted-slowtech-to-the-rescue
/2012/07/we-are-all-too-busy-and-distracted-slowtech-to-the-rescue/ /2012/we-are-all-too-busy-and-distracted-slowtech-to-the-rescue
/2012/11/learning-to-appreciate/ /2012/learning-to-appreciate
/learning-to-appreciate/ /2012/learning-to-appreciate
/2012/08/hello-punk-ave/ /2012/hello-punk-ave
/hello-punk-ave/ /2012/hello-punk-ave
